TEST-NEME      ;TIME            ;TIME(HH:MM:SS.CC);DATE;TIME;COUNT;
BEFORE         ;0000000000000484;00:00:04.84;20251126;;;
BEFORE         ;0000000000000180;00:00:01.80;20251126;;;
BEFORE         ;0000000000000174;00:00:01.74;20251126;;;
BEFORE         ;0000000000000163;00:00:01.63;20251126;;;
BEFORE         ;0000000000000169;00:00:01.69;20251126;;;
BEFORE         ;0000000000000166;00:00:01.66;20251126;;;
BEFORE         ;0000000000000159;00:00:01.59;20251126;;;
BEFORE         ;0000000000000163;00:00:01.63;20251126;;;
BEFORE         ;0000000000000169;00:00:01.69;20251126;;;
BEFORE         ;0000000000000160;00:00:01.60;20251126;;;
AFTER          ;0000000000000153;00:00:01.53;20251126;;;
AFTER          ;0000000000000161;00:00:01.61;20251126;;;
AFTER          ;0000000000000153;00:00:01.53;20251126;;;
AFTER          ;0000000000000160;00:00:01.60;20251126;;;
AFTER          ;0000000000000161;00:00:01.61;20251126;;;
AFTER          ;0000000000000154;00:00:01.54;20251126;;;
AFTER          ;0000000000000172;00:00:01.72;20251126;;;
AFTER          ;0000000000000158;00:00:01.58;20251126;;;
AFTER          ;0000000000000158;00:00:01.58;20251126;;;
AFTER          ;0000000000000155;00:00:01.55;20251126;;;
TEST           ;0000000000000147;00:00:01.47;20251126;;;
TEST           ;0000000000000162;00:00:01.62;20251126;;;
TTT            ;0000000000000164;00:00:01.64;20251126;;;
TTTT           ;0000000000000173;00:00:01.73;20251126;;;
TTTTTTT        ;0000000000000190;00:00:01.90;20251126;;;
QAQ            ;0000000000000302;00:00:03.02;20251126;;;
FLOORRRR       ;0000000000000299;00:00:02.99;20251126;;;
FLOOO          ;0000000000000329;00:00:03.29;20251126;;;
FLOOOOOR       ;0000000000000342;00:00:03.42;20251126;;;
QQ             ;0000000000000258;00:00:02.58;20251126;;;
123            ;0000000000000003;00:00:00.03;20251126;;;
TESTTTTT       ;0000000000000285;00:00:02.85;20251126;;;
TEST           ;0000000000000281;00:00:02.81;20251126;;;
TEST           ;0000000000000178;00:00:01.78;20251126;;;
????           ;0000000000000156;00:00:01.56;20251127;;;
????           ;0000000000000168;00:00:01.68;20251127;;;
FULLTEST       ;0000000000000273;00:00:02.73;20251127;;;
BUILDING       ;0000000000000298;00:00:02.98;20251127;;;
BUILDING       ;0000000000000253;00:00:02.53;20251127;;;
BUILDING       ;0000000000000410;00:00:04.10;20251127;;;
TEST           ;0000000000000003;00:00:00.03;20251127;;;
REIGAIJISHO    ;0000000000000161;00:00:01.61;20251127;;;
101            ;0000000000000163;00:00:01.63;20251127;;;
TIMETEST_115   ;0000000000000156;00:00:01.56;20251127;;;
TIMETEST_115   ;0000000000000158;00:00:01.58;20251127;;;
TIMETEST_115   ;0000000000000156;00:00:01.56;20251127;;;
TIMETEST_115   ;0000000000000160;00:00:01.60;20251127;;;
TIMETEST_115   ;0000000000000161;00:00:01.61;20251127;;;
TIMETEST_115   ;0000000000000158;00:00:01.58;20251127;;;
TIMETEST_115   ;0000000000000153;00:00:01.53;20251127;;;
TIMETEST_115   ;0000000000000157;00:00:01.57;20251127;;;
TIMETEST_115   ;0000000000000160;00:00:01.60;20251127;;;
TIMETEST_115   ;0000000000000165;00:00:01.65;20251127;;;
TIMETEST_115   ;0000000000000155;00:00:01.55;20251127;171961;;
TIMETEST_115   ;0000000000000161;00:00:01.61;20251127;171963;;
TIMETEST_115   ;0000000000000152;00:00:01.52;20251127;171964;;
TIMETEST_115   ;0000000000000152;00:00:01.52;20251127;171966;;
TIMETEST_115   ;0000000000000156;00:00:01.56;20251127;171967;;
TIMETEST_115   ;0000000000000159;00:00:01.59;20251127;171969;;
TIMETEST_115   ;0000000000000164;00:00:01.64;20251127;171970;;
TIMETEST_115   ;0000000000000170;00:00:01.70;20251127;171972;;
TIMETEST_115   ;0000000000000161;00:00:01.61;20251127;171974;;
TIMETEST_115   ;0000000000000167;00:00:01.67;20251127;171975;;
TIMETEST_115   ;0000000000000171;00:00:01.71;20251127;172732; 114;
TIMETEST_115   ;0000000000000180;00:00:01.80;20251127;172734; 114;
TIMETEST_115   ;0000000000000170;00:00:01.70;20251127;172736; 114;
TIMETEST_115   ;0000000000000168;00:00:01.68;20251127;172737; 114;
TIMETEST_115   ;0000000000000159;00:00:01.59;20251127;172739; 114;
TIMETEST_115   ;0000000000000171;00:00:01.71;20251127;172741; 114;
TIMETEST_115   ;0000000000000160;00:00:01.60;20251127;172742; 114;
TIMETEST_115   ;0000000000000185;00:00:01.85;20251127;172744; 114;
TIMETEST_115   ;0000000000000164;00:00:01.64;20251127;172746; 114;
TIMETEST_115   ;0000000000000163;00:00:01.63;20251127;172747; 114;
TT OUTPUT      ;0000000000000168;00:00:01.68;20251127;173162; 114;
TT OUTPUT      ;0000000000000156;00:00:01.56;20251127;173213; 114;
TT OUTPUT      ;0000000000000173;00:00:01.73;20251127;173214; 114;
TT OUTPUT      ;0000000000000157;00:00:01.57;20251127;173216; 114;
TT OUTPUT      ;0000000000000166;00:00:01.66;20251127;173218; 114;
TT OUTPUT      ;0000000000000152;00:00:01.52;20251127;173219; 114;
TT OUTPUT      ;0000000000000153;00:00:01.53;20251127;173221; 114;
TT OUTPUT      ;0000000000000166;00:00:01.66;20251127;173222; 114;
TT OUTPUT      ;0000000000000160;00:00:01.60;20251127;173224; 114;
TT OUTPUT      ;0000000000000147;00:00:01.47;20251127;173226; 114;
TT OUTPUT      ;0000000000000159;00:00:01.59;20251127;173227; 114;
TTTTT          ;0000000000000156;00:00:01.56;20251127;173614; 114;
TTTTT          ;0000000000000159;00:00:01.59;20251127;173616; 114;
TTTTT          ;0000000000000167;00:00:01.67;20251127;173617; 114;
TTTTT          ;0000000000000167;00:00:01.67;20251127;173619; 114;
TTTTT          ;0000000000000170;00:00:01.70;20251127;173621; 114;
TTTTT          ;0000000000000156;00:00:01.56;20251127;173622; 114;
TTTTT          ;0000000000000148;00:00:01.48;20251127;173624; 114;
TTTTT          ;0000000000000158;00:00:01.58;20251127;173625; 114;
TTTTT          ;0000000000000161;00:00:01.61;20251127;173627; 114;
TTTTT          ;0000000000000224;00:00:02.24;20251127;173629; 114;
TT TEST        ;0000000000000144;00:00:01.44;20251127;173958; 114;
TT TEST        ;0000000000000166;00:00:01.66;20251127;173959; 114;
TT TEST        ;0000000000000162;00:00:01.62;20251127;173961; 114;
TT TEST        ;0000000000000156;00:00:01.56;20251127;173963; 114;
TT TEST        ;0000000000000154;00:00:01.54;20251127;173964; 114;
TT TEST        ;0000000000000145;00:00:01.45;20251127;173966; 114;
TT TEST        ;0000000000000151;00:00:01.51;20251127;173967; 114;
TT TEST        ;0000000000000150;00:00:01.50;20251127;173969; 114;
TT TEST        ;0000000000000143;00:00:01.43;20251127;173970; 114;
TT TEST        ;0000000000000165;00:00:01.65;20251127;173972; 114;
PC-OTHER-STATEH;0000000000000164;00:00:01.64;20251128;146083; 114;
LI TEST        ;0000000000000155;00:00:01.55;20251128;149979; 114;
TT_STATE       ;0000000000000146;00:00:01.46;20251128;163956; 114;
TT_STATE       ;0000000000000144;00:00:01.44;20251128;163957; 114;
TT_STATE       ;0000000000000145;00:00:01.45;20251128;163959; 114;
TT_STATE       ;0000000000000150;00:00:01.50;20251128;163960; 114;
TT_STATE       ;0000000000000148;00:00:01.48;20251128;163962; 114;
TT_STATE       ;0000000000000153;00:00:01.53;20251128;163963; 114;
TT_STATE       ;0000000000000149;00:00:01.49;20251128;163965; 114;
TT_STATE       ;0000000000000155;00:00:01.55;20251128;163966; 114;
TT_STATE       ;0000000000000152;00:00:01.52;20251128;163968; 114;
TT_STATE       ;0000000000000147;00:00:01.47;20251128;163969; 114;
TT KUSA        ;0000000000000157;00:00:01.57;20251128;166559; 114;
TT KUSA        ;0000000000000147;00:00:01.47;20251128;166561; 114;
TT KUSA        ;0000000000000151;00:00:01.51;20251128;166562; 114;
TT KUSA        ;0000000000000161;00:00:01.61;20251128;166564; 114;
TT KUSA        ;0000000000000154;00:00:01.54;20251128;166565; 114;
TT KUSA        ;0000000000000177;00:00:01.77;20251128;166567; 114;
TT KUSA        ;0000000000000158;00:00:01.58;20251128;166569; 114;
TT KUSA        ;0000000000000199;00:00:01.99;20251128;166570; 114;
TT KUSA        ;0000000000000161;00:00:01.61;20251128;166572; 114;
TT KUSA        ;0000000000000150;00:00:01.50;20251128;166574; 114;
TT XDD         ;0000000000000148;00:00:01.48;20251128;166620; 114;
TT XDD         ;0000000000000146;00:00:01.46;20251128;166621; 114;
TT XDD         ;0000000000000155;00:00:01.55;20251128;166623; 114;
TT XDD         ;0000000000000158;00:00:01.58;20251128;166624; 114;
TT XDD         ;0000000000000161;00:00:01.61;20251128;166626; 114;
TT XDD         ;0000000000000154;00:00:01.54;20251128;166628; 114;
TT XDD         ;0000000000000151;00:00:01.51;20251128;166629; 114;
TT XDD         ;0000000000000147;00:00:01.47;20251128;166631; 114;
TT XDD         ;0000000000000153;00:00:01.53;20251128;166632; 114;
TT XDD         ;0000000000000159;00:00:01.59;20251128;166634; 114;
TT XDD         ;0000000000000159;00:00:01.59;20251128;166687; 114;
TT XDD         ;0000000000000157;00:00:01.57;20251128;166689; 114;
TT XDD         ;0000000000000149;00:00:01.49;20251128;166691; 114;
TT XDD         ;0000000000000153;00:00:01.53;20251128;166692; 114;
TT XDD         ;0000000000000155;00:00:01.55;20251128;166694; 114;
TT XDD         ;0000000000000156;00:00:01.56;20251128;166695; 114;
TT XDD         ;0000000000000154;00:00:01.54;20251128;166697; 114;
TT XDD         ;0000000000000154;00:00:01.54;20251128;166698; 114;
TT XDD         ;0000000000000145;00:00:01.45;20251128;166700; 114;
TT XDD         ;0000000000000151;00:00:01.51;20251128;166701; 114;
TT_LAST        ;0000000000000149;00:00:01.49;20251128;172128; 114;
TT_LAST        ;0000000000000156;00:00:01.56;20251128;172130; 114;
TT_LAST        ;0000000000000149;00:00:01.49;20251128;172131; 114;
TT_LAST        ;0000000000000157;00:00:01.57;20251128;172133; 114;
TT_LAST        ;0000000000000159;00:00:01.59;20251128;172134; 114;
TT_LAST        ;0000000000000157;00:00:01.57;20251128;172136; 114;
TT_LAST        ;0000000000000153;00:00:01.53;20251128;172138; 114;
TT_LAST        ;0000000000000158;00:00:01.58;20251128;172139; 114;
TT_LAST        ;0000000000000153;00:00:01.53;20251128;172141; 114;
TT_LAST        ;0000000000000136;00:00:01.36;20251128;172142; 114;
